{
  "plugins": [
    {
      "name": "RainbowChat",
      "description": "彩虹聊天插件",
      "commands": [
        {
          "syntax": "/rc",
          "description": "查看菜单",
          "remark": "RainbowChat插件主菜单"
        },
        {
          "syntax": "/rc gradient",
          "description": "RainbowChat插件玩家自己的开关彩虹聊天【渐变色】功能开关",
          "remark": "备注字段给开发者使用可以为空"
        },
        {
          "syntax": "/rc random",
          "description": "RainbowChat插件玩家自己的彩虹聊天【随机色】功能开关",
          "remark": ""
        },
        {
          "syntax": "/rc gradient start xxx,xxx,xxx",
          "description": "RainbowChat插件更改渐变色开始值",
          "remark": "xxx为RGB值,例如: 255,0,0"
        },
        {
          "syntax": "/rc gradient stop xxx,xxx,xxx",
          "description": "RainbowChat插件更改渐变色结束值",
          "remark": "xxx为RGB值,例如: 0,0,255"
        },
        {
          "syntax": "/rc on",
          "description": "RainbowChat插件更改全局开关(开启)",
          "remark": ""
        },
        {
          "syntax": "/rc off",
          "description": "RainbowChat插件更改全局开关(关闭)",
          "remark": ""
        },
        {
          "syntax": "/rc rswitch",
          "description": "RainbowChat插件更改随机色全局开关",
          "remark": ""
        },
        {
          "syntax": "/rc gswitch",
          "description": "RainbowChat插件更改渐变色全局开关",
          "remark": ""
        }
      ]
    }
  ]
}
